Name,Email,Phone,Adress
Bernard,bernard@mail.com,0123456099,Indonesia
Realino,realino@gmail.com,0123414134,United States
Author,author@gmail.com,0123u409341,Sydney
Bernard,bernard@mail.com,0123456099,Indonesia
Realino,realino@gmail.com,0123414134,United States
Author,author@gmail.com,0123u409341,Sydney
Bernard,bernard@mail.com,0123456099,Indonesia
Realino,realino@gmail.com,0123414134,United States
Author,author@gmail.com,0123u409341,Sydney
Bernard,bernard@mail.com,0123456099,Indonesia
Realino,realino@gmail.com,0123414134,United States
Author,author@gmail.com,0123u409341,Sydney